name,age,gender,income,state,marital_status,education,employment_status,household_size,owns_home
*************,**,*,*****,**,******,******,**********,*,****
***********,**,*,*****,**,******,*****,*******,*,****
**********,**,*,*****,**,*******,*****,********,*,****
**************,**,*,******,**,*******,********,*******,*,*****
**************,**,*,*****,**,*******,***,*************,*,****
**************,**,*,******,**,******,***********,*******,*,*****
*********,**,*,******,**,********,***********,*******,*,****
**************,**,*,******,**,******,*****,*************,*,*****
***********,**,*,*****,**,******,***********,**********,*,****
**************,**,*,*****,**,******,***,*************,*,*****
***********,**,*,******,**,********,********,*************,*,****
**************,**,*,*****,**,*******,********,*******,*,*****
*****************,**,*,******,**,*******,******,********,*,****
******************,**,*,******,**,*******,******,********,*,*****
****************,**,*,******,**,*******,***,**********,*,****
**********,**,*,******,**,********,*****,*******,*,*****
***********,**,*,*****,**,*******,*****,*******,*,****
***********,**,*,*****,**,*******,********,*******,*,****
***********,**,*,******,**,*******,*****,*************,*,****
*************,**,*,*****,**,********,******,********,*,*****
******************,**,*,******,**,******,******,**********,*,****
****************,**,*,******,**,*******,********,*************,*,****
**************,**,*,******,**,*******,***********,********,*,*****
**************,**,*,*****,**,*******,*****,********,*,*****
*************,**,*,*****,**,*******,********,*******,*,****
****************,**,*,******,**,*******,********,**********,*,*****
************,**,*,******,**,*******,*****,*******,*,****
***********,**,*,*****,**,********,***********,**********,*,****
************,**,*,*****,**,******,********,********,*,*****
*************,**,*,******,**,*******,******,*******,*,****
***********,**,*,******,**,*******,********,*******,*,****
*****************,**,*,*****,**,*******,******,*******,*,*****
**************,**,*,*****,**,******,***********,*******,*,*****
***************,**,*,*****,**,*******,********,**********,*,*****
**********,**,*,******,**,*******,******,*******,*,****
*************,**,*,******,**,******,***********,********,*,****
*****************,**,*,******,**,*******,***,**********,*,****
*************,**,*,******,**,******,***,*************,*,*****
****************,**,*,******,**,*******,********,**********,*,****
**************,**,*,*****,**,******,******,********,*,*****
************,**,*,******,**,*******,***********,********,*,****
****************,**,*,*****,**,*******,***,********,*,****
***************,**,*,*****,**,******,***,*************,*,****
*******************,**,*,******,**,*******,******,*******,*,*****
*************,**,*,******,**,******,***********,*******,*,****
***********,**,*,******,**,*******,*****,*************,*,*****
****************,**,*,*****,**,*******,******,*************,*,*****
************,**,*,******,**,********,*****,********,*,*****
************,**,*,*****,**,*******,******,********,*,****
***************,**,*,*****,**,*******,******,**********,*,*****
***************,**,*,******,**,********,***********,********,*,*****
**********,**,*,*****,**,******,***********,*************,*,*****
************,**,*,******,**,*******,*****,********,*,****
***********,**,*,*****,**,******,******,**********,*,****
***************,**,*,******,**,********,***********,*************,*,****
***************,**,*,*****,**,********,*****,*******,*,****
***************,**,*,*****,**,*******,********,*******,*,****
*********,**,*,******,**,*******,********,*************,*,****
**********,**,*,*****,**,*******,********,**********,*,*****
***************,**,*,*****,**,*******,***********,**********,*,*****
***********,**,*,*****,**,********,******,*******,*,*****
************,**,*,*****,**,******,******,**********,*,*****
**********,**,*,*****,**,*******,******,*************,*,****
*****************,**,*,******,**,*******,******,********,*,*****
*******************,**,*,******,**,*******,******,*******,*,*****
************,**,*,******,**,******,******,*************,*,*****
****************,**,*,******,**,********,*****,**********,*,*****
***********,**,*,******,**,*******,*****,*************,*,****
*********,**,*,******,**,*******,***,*************,*,*****
**************,**,*,*****,**,*******,********,********,*,*****
*************,**,*,*****,**,********,********,**********,*,****
***********,**,*,*****,**,*******,*****,********,*,*****
************,**,*,******,**,*******,***,*******,*,****
*************,**,*,*****,**,******,***,**********,*,*****
**********,**,*,******,**,*******,***********,*******,*,*****
*************,**,*,******,**,********,***,*******,*,*****
*********,**,*,*****,**,*******,***,*************,*,*****
**************,**,*,******,**,*******,********,*************,*,****
**************,**,*,*****,**,*******,******,*************,*,****
***********,**,*,*****,**,*******,***,**********,*,****
***************,**,*,******,**,*******,******,*******,*,****
**********,**,*,******,**,*******,*****,********,*,*****
************,**,*,*****,**,********,******,*******,*,****
*******************,**,*,*****,**,********,***,*******,*,*****
**************,**,*,******,**,*******,***,**********,*,****
****************,**,*,******,**,******,***********,*******,*,*****
************,**,*,*****,**,********,***,*************,*,*****
*************,**,*,******,**,*******,******,*******,*,****
*********,**,*,*****,**,******,******,**********,*,****
**************,**,*,*****,**,******,********,**********,*,****
***************,**,*,*****,**,*******,***********,**********,*,*****
*************,**,*,******,**,*******,*****,********,*,*****
***************,**,*,******,**,******,******,*******,*,****
**************,**,*,*****,**,******,******,********,*,****
**********,**,*,******,**,*******,******,********,*,*****
*************,**,*,******,**,*******,***********,*******,*,*****
**********,**,*,*****,**,*******,********,*************,*,*****
*************,**,*,******,**,********,******,**********,*,*****
**************,**,*,******,**,*******,***,*******,*,****
************,**,*,******,**,*******,***,**********,*,*****
**************,**,*,*****,**,********,*****,********,*,****
*************,**,*,*****,**,*******,***,**********,*,*****
****************,**,*,******,**,*******,***********,********,*,****
**************,**,*,*****,**,********,*****,*************,*,*****
**************,**,*,******,**,********,******,*******,*,*****
**********,**,*,*****,**,******,********,*************,*,****
*************,**,*,*****,**,*******,******,*************,*,****
*************,**,*,*****,**,********,********,*************,*,****
**************,**,*,*****,**,******,*****,*************,*,****
*****************,**,*,******,**,******,***********,*************,*,*****
************,**,*,******,**,*******,***********,*************,*,****
**************,**,*,*****,**,*******,***,********,*,****
****************,**,*,*****,**,********,***********,**********,*,*****
*************,**,*,*****,**,*******,***,*******,*,*****
**************,**,*,******,**,******,*****,********,*,****
*************,**,*,*****,**,*******,********,**********,*,****
****************,**,*,*****,**,*******,***,*******,*,****
************,**,*,******,**,********,***,********,*,****
*************,**,*,*****,**,*******,***,********,*,****
***********,**,*,*****,**,********,********,********,*,****
************,**,*,******,**,********,***,********,*,*****
************,**,*,******,**,********,*****,*******,*,****
**********,**,*,*****,**,*******,******,*************,*,****
************,**,*,******,**,******,******,********,*,*****
*********,**,*,******,**,********,********,*******,*,*****
****************,**,*,*****,**,*******,******,*******,*,*****
**************,**,*,*****,**,*******,******,*******,*,*****
***************,**,*,******,**,******,***,********,*,*****
*************,**,*,*****,**,*******,*****,********,*,*****
****************,**,*,*****,**,*******,*****,*************,*,*****
*************,**,*,******,**,******,********,*************,*,****
**************,**,*,******,**,*******,***,********,*,****
************,**,*,*****,**,********,*****,********,*,*****
************,**,*,*****,**,******,***,********,*,****
**************,**,*,******,**,********,***,*******,*,****
*************,**,*,******,**,*******,***,**********,*,****
************,**,*,*****,**,********,***,*************,*,*****
************,**,*,*****,**,********,******,*******,*,*****
***********,**,*,******,**,********,******,*******,*,*****
**************,**,*,*****,**,*******,*****,*******,*,*****
*************,**,*,******,**,*******,***,*******,*,****
***************,**,*,*****,**,*******,*****,*************,*,*****
************,**,*,******,**,*******,***********,**********,*,****
************,**,*,******,**,********,******,*******,*,****
**************,**,*,******,**,*******,******,*******,*,****
**********,**,*,*****,**,*******,******,**********,*,****
*************,**,*,*****,**,******,***,**********,*,*****
***********,**,*,*****,**,******,******,********,*,*****
*************,**,*,******,**,*******,********,*******,*,****
************,**,*,*****,**,******,*****,*******,*,****
**************,**,*,******,**,*******,********,*******,*,*****
**************,**,*,*****,**,******,***,*************,*,****
*****************,**,*,******,**,********,*****,*************,*,*****
***************,**,*,*****,**,*******,******,**********,*,*****
*************,**,*,*****,**,*******,*****,*************,*,*****
**************,**,*,******,**,******,***,*************,*,****
*********,**,*,******,**,********,********,*************,*,****
*************,**,*,*****,**,*******,***********,********,*,*****
*************,**,*,******,**,********,********,********,*,*****
*************,**,*,******,**,*******,********,**********,*,*****
*********,**,*,******,**,********,********,*************,*,*****
**************,**,*,******,**,******,***,********,*,****
***********,**,*,******,**,********,***********,*******,*,*****
*************,**,*,*****,**,*******,******,*************,*,*****
***********,**,*,******,**,******,********,*******,*,*****
*************,**,*,*****,**,******,***,*************,*,*****
*************,**,*,*****,**,******,***********,*************,*,****
*****************,**,*,*****,**,*******,***,*******,*,*****
***************,**,*,*****,**,*******,***********,*******,*,*****
************,**,*,*****,**,******,******,**********,*,*****
***********,**,*,*****,**,********,***********,*************,*,*****
****************,**,*,******,**,********,********,********,*,****
************,**,*,*****,**,******,***********,*************,*,****
*********,**,*,******,**,*******,***********,**********,*,****
*********,**,*,*****,**,********,********,********,*,****
********************,**,*,******,**,********,********,********,*,****
******************,**,*,*****,**,********,********,*************,*,****
**************,**,*,*****,**,*******,***,********,*,****
*************,**,*,******,**,********,*****,********,*,****
********************,**,*,*****,**,********,***,********,*,*****
************,**,*,******,**,*******,***********,*******,*,*****
*************,**,*,*****,**,********,*****,**********,*,****
*************,**,*,******,**,********,***,*************,*,*****
**********,**,*,*****,**,*******,***,*******,*,*****
***********,**,*,******,**,*******,***,********,*,*****
**************,**,*,*****,**,********,********,*******,*,****
*************,**,*,*****,**,******,***,********,*,*****
*****************,**,*,*****,**,******,*****,*************,*,****
************,**,*,******,**,*******,***********,*************,*,*****
***********,**,*,*****,**,*******,********,*******,*,****
************,**,*,******,**,********,***********,*************,*,****
*************,**,*,******,**,******,*****,*************,*,****
***********,**,*,******,**,********,******,********,*,****
***********,**,*,******,**,******,********,********,*,****
*****************,**,*,******,**,*******,******,**********,*,*****
**************,**,*,******,**,******,***********,**********,*,****
*************,**,*,*****,**,********,***,*******,*,*****
******************,**,*,*****,**,*******,*****,********,*,*****
*****************,**,*,*****,**,*******,*****,*************,*,****
***********,**,*,*****,**,******,********,*************,*,****
